Algorithm,Array size,Pre bench action,Randomnes,Average Cycles,Cycles per Element,Std Dev,Conditional branch instructions,Conditional branch instructions mispredicted,Total cycles,Reference clock cycles,Level 1 data cache misses,Seed 0,Seed 1,Seed 2,Seed 3,Seed 4,Seed 5,Seed 6,Seed 7,Seed 8,Seed 9
Quicksort Opt++  ,10000000,NOTHING,-1.000000,1276470272.000000,127.647026,9237367.000000,18963905.300000,1117980.400000,127781909.800000,69549060.533333,1129829.300000,1268162034.000000,1276235695.666667,1283992470.000000,1273810522.000000,1279908612.666667,1264220219.000000,1297272220.333333,1265416844.666667,1277865038.000000,1277819098.000000
