Algorithm,Array size,Pre bench action,Randomnes,Average Cycles,Cycles per Element,Std Dev,Conditional branch instructions,Conditional branch instructions mispredicted,Total cycles,Reference clock cycles,Level 1 data cache misses,Seed 0,Seed 1,Seed 2,Seed 3,Seed 4,Seed 5,Seed 6,Seed 7,Seed 8,Seed 9
Mergesort Standard   ,1000000,NOTHING,-1.000000,369912480.000000,369.912476,663156.875000,7194868.600000,1014351.233333,36915696.266667,20038022.400000,214410.300000,370623006.333333,370298998.000000,370452601.333333,370661509.000000,369390907.666667,369840832.000000,369125047.666667,368953339.000000,370621544.666667,369156962.666667
Mergesort Optimized  ,1000000,NOTHING,-1.000000,259434880.000000,259.434875,888859.375000,5330307.000000,95648.533333,25899207.566667,14058225.866667,214428.033333,258870374.000000,258999074.666667,258931792.333333,260633064.333333,261606460.333333,258824525.666667,258802075.666667,259378388.000000,259310894.333333,258992075.666667
