Algorithm,Array size,Pre bench action,Randomnes,Average Cycles,Cycles per Element,Std Dev,Conditional branch instructions,Conditional branch instructions mispredicted,Total cycles,Reference clock cycles,Level 1 data cache misses,Seed 0,Seed 1,Seed 2,Seed 3,Seed 4,Seed 5,Seed 6,Seed 7,Seed 8,Seed 9,Seed 10,Seed 11,Seed 12,Seed 13,Seed 14,Seed 15,Seed 16,Seed 17,Seed 18,Seed 19
Quicksort Opt++  ,10000000,PRESORTED,0.000000,9389498.000000,0.938950,46035.218750,62504.750000,0.466667,467393.700000,287381.600000,31322.150000,9377537.000000,9401581.000000,9293284.000000,9380359.666667,9384621.000000,9415430.666667,9359958.666667,9436572.000000,9362364.000000,9393591.000000,9393359.666667,9365670.666667,9377101.666667,9305151.666667,9438820.333333,9488599.333333,9392820.333333,9467092.000000,9408165.333333,9347874.000000
Quicksort Opt++  ,10000000,PRESORTED,0.000010,671853312.000000,67.185333,21616276.000000,23882871.950000,111670.916667,32942912.250000,18001488.266667,406685.583333,650298330.333333,710450986.000000,646233186.333333,650013701.000000,671337503.000000,684018313.666667,660333384.333333,705999345.666667,675845107.000000,683758590.000000,663178231.333333,691362906.333333,645802318.666667,674193333.666667,629299212.000000,675037933.666667,663598497.666667,696389353.000000,701057631.333333,658858245.000000
